Phase	Module	Section #	Page name	Page type	URL	SEO title	SEO title done?	SEO description	SEO desc done?	Title chars	Desc chars	Content created?	Content QA'd?	Final result
			Adobe Analytics Glossary	Glossary	/adobe-analytics-learning/glossary/	Adobe Analytics Glossary of Terms	Yes	Plain-language definitions of Adobe Analytics terms: props, eVars, events, dimensions, metrics, segments, and the rest of the vocabulary.	Yes	33	137	Yes	Yes	Yes
			Adobe Analytics Learning	Home	/adobe-analytics-learning/	Adobe Analytics: A Practitioner's Learning Guide	Yes	A practitioner's guide to Adobe Analytics: not what the buttons do, but why the features exist, how they fit together, and where the traps are.	Yes	48	143	Yes	Yes	Yes
Foundations			Start with the foundations	Category landing	/adobe-analytics-learning/foundations/	Adobe Analytics Foundations	Yes	What Adobe Analytics is, where its data lands, and which variables carry that data. Get these three wrong and everything built on top inherits the mistake.	Yes	27	155	Yes	Yes	Yes
Foundations	adobe-analytics-fundamentals		Adobe Analytics Fundamentals	Module landing	/adobe-analytics-learning/foundations/adobe-analytics-fundamentals/	Adobe Analytics Fundamentals	Yes	What Adobe Analytics actually is, why it exists when you already have server logs and a CRM, and how the pieces fit together.	Yes	28	125	Yes	Yes	Yes
Foundations	adobe-analytics-fundamentals	1	What Is Adobe Analytics	Section	/adobe-analytics-learning/foundations/adobe-analytics-fundamentals/what-is-adobe-analytics/	What Is Adobe Analytics? A Practitioner's Introduction	Yes	What Adobe Analytics is, why it exists when you already have server logs and a CRM, and what it actually does for you.	Yes	54	118	Yes	Yes	Yes
Foundations	adobe-analytics-fundamentals	2	Adobe Analytics Ecosystem	Section	/adobe-analytics-learning/foundations/adobe-analytics-fundamentals/adobe-analytics-ecosystem/	The Adobe Analytics Ecosystem Explained	Yes	Adobe Analytics is not one tool but an ecosystem. What each piece does, which two you meet first, and how they fit together.	Yes	39	124	Yes	Yes	Yes
Foundations	adobe-analytics-fundamentals	3	Key Terminology	Section	/adobe-analytics-learning/foundations/adobe-analytics-fundamentals/key-terminology/	Adobe Analytics Terminology: Dimensions, Metrics, eVars	Yes	Dimensions, metrics, hits, visits, and visitors. The vocabulary you need first, and the eVar-versus-prop distinction that people consistently get wrong.	Yes	55	152	Yes	Yes	Yes
Foundations	adobe-analytics-fundamentals	4	Adobe Analytics vs Google Analytics	Section	/adobe-analytics-learning/foundations/adobe-analytics-fundamentals/adobe-analytics-vs-google-analytics/	Adobe Analytics vs Google Analytics Compared	Yes	How Adobe Analytics compares with Google Analytics and the rest of the market, and the data model difference that drives every other difference.	Yes	44	144	Yes	Yes	Yes
Foundations	adobe-analytics-fundamentals	5	Account Structure and Access	Section	/adobe-analytics-learning/foundations/adobe-analytics-fundamentals/account-structure-access/	Adobe Analytics Account Structure and Access	Yes	Organizations, product profiles, and permissions. How access is really controlled in Adobe Analytics, and what a product profile actually governs.	Yes	44	146	Yes	Yes	Yes
Foundations	report-suites		Report Suites	Module landing	/adobe-analytics-learning/foundations/report-suites/	Report Suites in Adobe Analytics	Yes	Report suites are the boxes your data lands in. How many you need, how to configure them, and the choices you cannot undo later.	Yes	32	128	Yes	Yes	Yes
Foundations	report-suites	1	What Are Report Suites	Section	/adobe-analytics-learning/foundations/report-suites/what-are-report-suites/	What Are Report Suites in Adobe Analytics?	Yes	What a report suite is, what defines one, and the first architectural question every implementation has to answer: how many boxes do you need?	Yes	42	142	Yes	Yes	Yes
Foundations	report-suites	2	Global vs Individual Report Suites	Section	/adobe-analytics-learning/foundations/report-suites/global-vs-individual-report-suites/	Global vs Individual Report Suites	Yes	One global report suite, or a separate suite per business unit? The trade-offs, and how to give every team its own view without splitting the archive.	Yes	34	150	Yes	Yes	Yes
Foundations	report-suites	3	Virtual Report Suites	Section	/adobe-analytics-learning/foundations/report-suites/virtual-report-suites/	Virtual Report Suites (VRS) in Adobe Analytics	Yes	Virtual report suites are database views for your analytics data. One suite, one differentiator, many views, and what a VRS lets you do.	Yes	46	136	Yes	Yes	Yes
Foundations	report-suites	4	Report Suite Settings	Section	/adobe-analytics-learning/foundations/report-suites/report-suite-settings/	Adobe Analytics Report Suite Settings	Yes	The report suite settings panel, explained: general account settings, internal URL filters, bot rules, and the data-quality foundation underneath them.	Yes	37	151	Yes	Yes	Yes
Foundations	report-suites	5	Multi-Suite Tagging	Section	/adobe-analytics-learning/foundations/report-suites/multi-suite-tagging/	Multi-Suite Tagging in Adobe Analytics	Yes	Sending one hit to several report suites at once. When multi-suite tagging is right, when a virtual report suite is cheaper, and how to choose.	Yes	38	143	Yes	Yes	Yes
Foundations	report-suites	6	Bot Filtering	Section	/adobe-analytics-learning/foundations/report-suites/bot-filtering/	Bot Filtering in Adobe Analytics	Yes	How Adobe Analytics removes automated, non-human traffic before it is counted: the IAB bot list, custom bot rules, and what filtering does and does not clean.	Yes	32	158	Yes	Yes	Yes
Foundations	report-suites	7	Privacy and Data Retention	Section	/adobe-analytics-learning/foundations/report-suites/privacy-data-retention/	Privacy and Data Retention in Adobe Analytics	Yes	How Adobe Analytics governs personal data: data retention periods, IP obfuscation, and the labeling that supports GDPR and CCPA compliance.	Yes	45	139	Yes	Yes	Yes
Foundations	report-suites	8	Report Suite Best Practices	Section	/adobe-analytics-learning/foundations/report-suites/best-practices/	Report Suite Best Practices in Adobe Analytics	Yes	Naming conventions, mirrored production and non-production suites, foundational variables before go-live, and why documentation is the organization's decision.	Yes	46	159	Yes	Yes	Yes
Foundations	variables		Variables: Props, eVars, and Events	Module landing	/adobe-analytics-learning/foundations/variables/	Adobe Analytics Variables: Props, eVars, Events	Yes	Props, eVars and events look interchangeable and are not. What each is for, the products string, list variables, and the settings that corrupt data silently.	Yes	47	157	Yes	Yes	Yes
Foundations	variables	1	Props (Traffic Variables)	Section	/adobe-analytics-learning/foundations/variables/props-traffic-variables/	Props (Traffic Variables) in Adobe Analytics	Yes	Props are traffic variables, written in pencil. What they are for, their capacity and limits, and the two jobs they are quietly better at than eVars.	Yes	44	149	Yes	Yes	Yes
Foundations	variables	2	eVars (Conversion Variables)	Section	/adobe-analytics-learning/foundations/variables/evars-conversion-variables/	eVars (Conversion Variables) in Adobe Analytics	Yes	eVars persist, and persistence is the whole point. Expiration, allocation, merchandising eVars, and who actually gets the credit for a conversion.	Yes	47	146	Yes	Yes	Yes
Foundations	variables	3	Events (Success Events)	Section	/adobe-analytics-learning/foundations/variables/events-success-events/	Success Events in Adobe Analytics	Yes	Success events count the things that matter. Counter, numeric, and currency events, serialization to stop double-counting, and the setting you need to know.	Yes	33	156	Yes	Yes	Yes
Foundations	variables	4	Default and Reserved Variables	Section	/adobe-analytics-learning/foundations/variables/default-reserved-variables/	Default and Reserved Variables in Adobe Analytics	Yes	pageName, campaign, and the reserved variables Adobe fills for you. Small variables with big consequences, and the two IDs people constantly mix up.	Yes	49	148	Yes	Yes	Yes
Foundations	variables	5	The Products String	Section	/adobe-analytics-learning/foundations/variables/products-string/	The Adobe Analytics Products String	Yes	The products variable runs your whole ecommerce funnel through one string. Its six positions, its three delimiters, and the traps that corrupt commerce data.	Yes	35	157	Yes	Yes	Yes
Foundations	variables	6	List Variables and List Props	Section	/adobe-analytics-learning/foundations/variables/list-variables-list-props/	List Variables and List Props in Adobe Analytics	Yes	List variables and list props hold several values in one hit. What each is for, the settings worth knowing, and why you have to guard your three.	Yes	48	145	Yes	Yes	Yes
Foundations	variables	7	Context Data Variables	Section	/adobe-analytics-learning/foundations/variables/context-data-variables/	Context Data Variables in Adobe Analytics	Yes	Context data variables let you send data without spending a variable slot. What it buys you, why it is not optional on mobile, and where this is heading.	Yes	41	153	Yes	Yes	Yes
Foundations	variables	8	Variable Planning	Section	/adobe-analytics-learning/foundations/variables/variable-planning/	Adobe Analytics Variable Planning and the SDR	Yes	Start from the report you want, not from the variables. The planning process step by step, and the solution design reference that holds it together.	Yes	45	148	Yes	Yes	Yes
Collect			Collect the data	Category landing	/adobe-analytics-learning/collect/	Collecting Data in Adobe Analytics	Yes	How data gets from a page or app into Adobe: the collection methods, the data layer that feeds them, the tag manager, and the calls that carry the payload.	Yes	34	155	Yes	Yes	Yes
Collect	adobe-launch-tags		Adobe Launch (Tags)	Module landing	/adobe-analytics-learning/collect/adobe-launch-tags/	Adobe Launch (Tags) for Analytics	Yes	Adobe Experience Platform Tags, formerly Launch. Properties, extensions, data elements, rules, and the publishing workflow that keeps production safe.	Yes	33	150	Yes	Yes	Yes
Collect	adobe-launch-tags	1	Launch Architecture	Section	/adobe-analytics-learning/collect/adobe-launch-tags/launch-architecture/	Adobe Launch (Tags) Architecture Explained	Yes	What Launch actually is, why Adobe built it rather than leaving you on Tealium or Google Tag Manager, and how it is organized.	Yes	42	126	Yes	Yes	Yes
Collect	adobe-launch-tags	2	Properties	Section	/adobe-analytics-learning/collect/adobe-launch-tags/properties/	Properties in Adobe Launch (Tags)	Yes	A property is one script, one scope, one team. What it holds, why property design matters more than it looks, and the _satellite object underneath.	Yes	33	147	Yes	Yes	Yes
Collect	adobe-launch-tags	3	Extensions	Section	/adobe-analytics-learning/collect/adobe-launch-tags/extensions/	Extensions in Adobe Launch (Tags)	Yes	Extensions are how Launch becomes a platform rather than a script loader. What an extension really is, its anatomy, and why Adobe put its own products in it.	Yes	33	157	Yes	Yes	Yes
Collect	adobe-launch-tags	4	Data Elements	Section	/adobe-analytics-learning/collect/adobe-launch-tags/data-elements/	Data Elements in Adobe Launch (Tags)	Yes	A data element is not just a variable, it carries capability. How it differs from the data layer, the types available, and why bypassing it costs you.	Yes	36	150	Yes	Yes	Yes
Collect	adobe-launch-tags	5	Rules	Section	/adobe-analytics-learning/collect/adobe-launch-tags/rules/	Rules in Adobe Launch (Tags)	Yes	Every Launch rule has three parts: events, conditions, and actions. What each one decides, and how rule sequence makes several rules work together.	Yes	28	147	Yes	Yes	Yes
Collect	adobe-launch-tags	6	Publishing Workflow	Section	/adobe-analytics-learning/collect/adobe-launch-tags/publishing-workflow/	The Adobe Launch Publishing Workflow	Yes	The four states a library moves through, the approval gates and why they exist, publishing day, and what to do when production goes wrong.	Yes	36	138	Yes	Yes	Yes
Collect	adobe-launch-tags	7	Environments	Section	/adobe-analytics-learning/collect/adobe-launch-tags/environments/	Environments and Embed Codes in Adobe Launch	Yes	Why Launch has development, staging, and production environments, why the last two are singular, and why you cannot edit them directly.	Yes	44	135	Yes	Yes	Yes
Collect	adobe-launch-tags	8	Consent and Tag Management	Section	/adobe-analytics-learning/collect/adobe-launch-tags/consent-and-tag-management/	Consent Management in Adobe Launch	Yes	A camera in your house is fine. A camera in the shared park needs agreement. Why analytics needs consent, and exactly how to build it in Launch.	Yes	34	144	Yes	Yes	Yes
Collect	data-collection		Data Collection	Module landing	/adobe-analytics-learning/collect/data-collection/	Data Collection in Adobe Analytics	Yes	AppMeasurement, the Web SDK, server-side and mobile collection compared, and how to tell which one a site should be on before committing to it.	Yes	34	143	Yes	Yes	Yes
Collect	data-collection	1	Collection Methods Overview	Section	/adobe-analytics-learning/collect/data-collection/collection-methods-overview/	Data Collection Methods in Adobe Analytics	Yes	The four ways to capture data, the two questions that define every implementation, and how teams actually choose between them.	Yes	42	126	Yes	Yes	Yes
Collect	data-collection	2	AppMeasurement Library	Section	/adobe-analytics-learning/collect/data-collection/appmeasurement-library/	AppMeasurement Library in Adobe Analytics	Yes	How AppMeasurement really works: where it slips into the page, what the s object packs into a hit, and the linkTrackVars trap that haunts everyone.	Yes	41	147	Yes	Yes	Yes
Collect	data-collection	3	Adobe Web SDK	Section	/adobe-analytics-learning/collect/data-collection/adobe-web-sdk/	The Adobe Web SDK and alloy.js	Yes	Why Adobe froze AppMeasurement and built the Web SDK instead. What alloy.js is, where it sits, and the honest catch nobody mentions.	Yes	30	132	Yes	Yes	Yes
Collect	data-collection	4	Tag Management Systems	Section	/adobe-analytics-learning/collect/data-collection/tag-management-systems/	Tag Management Systems for Adobe Analytics	Yes	Deploy your tags directly in the page, or through a tag management system? What a TMS actually buys you, and when direct still makes sense.	Yes	42	139	Yes	Yes	Yes
Collect	data-collection	5	Server-Side Collection	Section	/adobe-analytics-learning/collect/data-collection/server-side-collection/	Server-Side Collection in Adobe Analytics	Yes	Sending data to Adobe Analytics without a browser. The three server-side paths, the identity problem every server hit creates, and the timestamp trap.	Yes	41	150	Yes	Yes	Yes
Collect	data-collection	6	Mobile SDK	Section	/adobe-analytics-learning/collect/data-collection/mobile-sdk/	The Adobe Mobile SDK for Analytics	Yes	The Adobe Mobile SDK is compiled, and that changes everything. trackState, trackAction, context data, and why offline is the normal case.	Yes	34	137	Yes	Yes	Yes
Collect	data-layers		Data Layers	Module landing	/adobe-analytics-learning/collect/data-layers/	Data Layers in Adobe Analytics	Yes	Why analytics should never read the page directly, what belongs in the object, whether the Adobe Client Data Layer is worth adopting, and designing for change.	Yes	30	159	Yes	Yes	Yes
Collect	data-layers	1	What Is a Data Layer	Section	/adobe-analytics-learning/collect/data-layers/what-is-a-data-layer/	What Is a Data Layer (W3C CEDDL)	Yes	The data layer is a contract between your developers and your analytics. Who builds it, why it is the most fragile thing you own, and the rule you never break.	Yes	32	159	Yes	Yes	Yes
Collect	data-layers	2	Adobe Client Data Layer (ACDL)	Section	/adobe-analytics-learning/collect/data-layers/adobe-client-data-layer/	Adobe Client Data Layer (ACDL) Explained	Yes	The Adobe Client Data Layer, step by step: declare, push, catch it in Launch. Where its event history earns its keep, and what it honestly costs.	Yes	40	145	Yes	Yes	Yes
Collect	data-layers	3	Do You Really Need ACDL?	Section	/adobe-analytics-learning/collect/data-layers/do-you-need-acdl/	Do You Really Need the Adobe Client Data Layer?	Yes	ACDL is not just technology, it is a bet about your team. What problem it really solves, why a simple model is often stronger, and the central trade-off.	Yes	47	153	Yes	Yes	Yes
Collect	data-layers	4	Data Layer Design	Section	/adobe-analytics-learning/collect/data-layers/data-layer-design/	Designing a Data Layer for Adobe Analytics	Yes	Good design is not clever design. The family-tree rule, naming that survives a rewrite, and how to design a node one question at a time.	Yes	42	136	Yes	Yes	Yes
Collect	tracking-calls		Adobe Analytics Tracking Calls	Module landing	/adobe-analytics-learning/collect/tracking-calls/	Adobe Analytics Tracking Calls	Yes	Page view calls, link calls, and what each one costs you. SPA tracking, cross-domain identity, first-party cookies, and the server call bill.	Yes	30	141	Yes	Yes	Yes
Collect	tracking-calls	1	Page View Tracking	Section	/adobe-analytics-learning/collect/tracking-calls/page-view-tracking/	Page View Tracking in Adobe Analytics (s.t())	Yes	The page view call, s.t(). Why there are two kinds of call at all, what a page view actually tells you, and the moment it fires.	Yes	45	128	Yes	Yes	Yes
Collect	tracking-calls	2	Link Tracking	Section	/adobe-analytics-learning/collect/tracking-calls/link-tracking/	Link Tracking in Adobe Analytics (s.tl())	Yes	The custom link call, s.tl(). Why these calls carry the real weight of an implementation, the three link types, and how they differ from a page call.	Yes	41	149	Yes	Yes	Yes
Collect	tracking-calls	3	Server Calls and Billing	Section	/adobe-analytics-learning/collect/tracking-calls/server-calls-billing/	Adobe Analytics Server Calls and Billing	Yes	Every hit is a server call, and every server call is billed. What counts, how calls balloon, and the architectural levers that bring the bill back down.	Yes	40	152	Yes	Yes	Yes
Collect	tracking-calls	4	SPA Tracking	Section	/adobe-analytics-learning/collect/tracking-calls/spa-tracking/	SPA Tracking in Adobe Analytics	Yes	Single page applications break analytics in two distinct ways. How to tell Adobe a screen changed, how to fix persistence, and why mobile sidesteps it all.	Yes	31	155	Yes	Yes	Yes
Collect	tracking-calls	5	Experience Cloud ID (ECID)	Section	/adobe-analytics-learning/collect/tracking-calls/experience-cloud-id-ecid/	Experience Cloud ID (ECID) in Adobe Analytics	Yes	A shopkeeper solved this with a serial number column. What the ECID identifies, what it honestly cannot, and why that is not a flaw.	Yes	45	132	Yes	Yes	Yes
Collect	tracking-calls	6	Cross-Domain Tracking	Section	/adobe-analytics-learning/collect/tracking-calls/cross-domain-tracking/	Cross-Domain Tracking in Adobe Analytics	Yes	Why one visitor becomes two the moment they cross a domain, even with identical tags. How to carry the identity across, and the mistakes people make.	Yes	40	149	Yes	Yes	Yes
Collect	tracking-calls	7	First-Party Cookies	Section	/adobe-analytics-learning/collect/tracking-calls/first-party-cookies/	First-Party Cookies in Adobe Analytics	Yes	First-party cookies are not the same as durable identity. Why identity keeps disappearing, the older fix that no longer holds, and the durable answer today.	Yes	38	156	Yes	Yes	Yes
Shape			Shape the data	Category landing	/adobe-analytics-learning/shape/	Shaping Data in Adobe Analytics	Yes	The layer between collection and reporting: processing rules, VISTA rules, marketing channels, and classifications, and the order Adobe applies them.	Yes	31	149	Yes	Yes	Yes
Shape	classifications		Classifications	Module landing	/adobe-analytics-learning/shape/classifications/	Classifications in Adobe Analytics	Yes	Campaign codes and product IDs turned into names a human can read, across every historical report at once. Keys, sets, imports, rules, and what breaks silently.	Yes	34	160	Yes	Yes	Yes
Shape	classifications	1	Classifications Overview	Section	/adobe-analytics-learning/shape/classifications/classifications-overview/	What Are Classifications in Adobe Analytics	Yes	Adobe Analytics can only report what a server call carried. Classifications get around that, retroactively, without a single line of code.	Yes	43	138	Yes	Yes	Yes
Shape	classifications	2	Designing the Key	Section	/adobe-analytics-learning/shape/classifications/designing-the-key/	Designing the Classification Key in Adobe Analytics	Yes	The key is not a setting. It is the raw value you already collect. Five rules that decide whether classifications work for you or against you.	Yes	51	142	Yes	Yes	Yes
Shape	classifications	3	Classification Sets	Section	/adobe-analytics-learning/shape/classifications/classification-sets/	Classification Sets in Adobe Analytics	Yes	Creating a classification set, step by step: subscriptions, the schema, primary and lookup types, and the identity name you can never change.	Yes	38	141	Yes	Yes	Yes
Shape	classifications	4	Importing Classification Data	Section	/adobe-analytics-learning/shape/classifications/importing-classification-data/	Importing Classification Data in Adobe Analytics	Yes	A key column and some value columns. The file formats, the template that prevents most failures, deleting data safely, and automating it from cloud storage.	Yes	48	156	Yes	Yes	Yes
Shape	classifications	5	Classification Rule Builder	Section	/adobe-analytics-learning/shape/classifications/classification-rule-builder/	Classification Rule Builder in Adobe Analytics	Yes	Rules read the key you already have and fill the columns for you. Split, regular expressions, rule order, and the rule that quietly eats your curated file.	Yes	46	155	Yes	Yes	Yes
Shape	classifications	6	Troubleshooting and Maintenance	Section	/adobe-analytics-learning/shape/classifications/troubleshooting-maintenance/	Troubleshooting Classifications in Adobe Analytics	Yes	Classifications do not break. They produce a confident, well-formatted, wrong report. The symptoms, the causes, and why Unspecified is your only witness.	Yes	50	153	Yes	Yes	Yes
Shape	marketing-channels		Marketing Channels	Module landing	/adobe-analytics-learning/shape/marketing-channels/	Marketing Channels in Adobe Analytics	Yes	Where your traffic actually came from. Channel rules, the processing waterfall, attribution models, engagement periods, and why Direct lies to you.	Yes	37	147	Yes	Yes	Yes
Shape	marketing-channels	1	Marketing Channels Overview	Section	/adobe-analytics-learning/shape/marketing-channels/marketing-channels-overview/	Marketing Channels Overview in Adobe Analytics	Yes	Why Adobe built Marketing Channels when campaign tracking codes already existed, and what the report is actually answering.	Yes	46	123	Yes	Yes	Yes
Shape	marketing-channels	2	Channel Configuration	Section	/adobe-analytics-learning/shape/marketing-channels/channel-configuration/	Marketing Channel Configuration in Adobe Analytics	Yes	Naming the channels your business genuinely has, which ones are mandatory, and why this decision is close to permanent once traffic starts flowing.	Yes	50	147	Yes	Yes	Yes
Shape	marketing-channels	3	Marketing Channel Processing Rules	Section	/adobe-analytics-learning/shape/marketing-channels/marketing-channel-processing-rules/	Marketing Channel Processing Rules in Adobe Analytics	Yes	Marketing channel processing rules run as a waterfall, and order decides everything. What you can match on, and the three facts that will save you.	Yes	53	147	Yes	Yes	Yes
Shape	marketing-channels	4	Channel Attribution	Section	/adobe-analytics-learning/shape/marketing-channels/channel-attribution/	Marketing Channel Attribution in Adobe Analytics	Yes	First touch, last touch, and everything between. Every attribution model Adobe offers, the same journey scored four ways, and how to choose.	Yes	48	140	Yes	Yes	Yes
Shape	marketing-channels	5	Engagement Periods	Section	/adobe-analytics-learning/shape/marketing-channels/engagement-periods/	Marketing Channel Engagement Periods in Adobe Analytics	Yes	Visit Engagement, Visitor Engagement, and Session Refresh. What each setting really does, and why engagement periods trip up experienced practitioners.	Yes	55	151	Yes	Yes	Yes
Shape	marketing-channels	6	Marketing Channel Troubleshooting	Section	/adobe-analytics-learning/shape/marketing-channels/marketing-channel-troubleshooting/	Marketing Channel Troubleshooting in Adobe Analytics	Yes	Marketing channel reports fail quietly and confidently. The seven ways this breaks, the instruments to check, and the order to check them in.	Yes	52	141	Yes	Yes	Yes
Shape	processing-rules		Processing Rules	Module landing	/adobe-analytics-learning/shape/processing-rules/	Processing Rules in Adobe Analytics	Yes	Processing rules reshape a hit after it arrives and before it is stored. What they can do, what they cannot undo, and when Launch is the better tool.	Yes	35	149	Yes	Yes	Yes
Shape	processing-rules	1	What Are Processing Rules	Section	/adobe-analytics-learning/shape/processing-rules/what-are-processing-rules/	What Are Processing Rules in Adobe Analytics	Yes	Why anything sits between collection and reporting at all. What a processing rule is, where it runs in the pipeline, and the guardrails to understand first.	Yes	44	156	Yes	Yes	Yes
Shape	processing-rules	2	Conditions and Actions	Section	/adobe-analytics-learning/shape/processing-rules/conditions-actions/	Processing Rule Conditions and Actions	Yes	The anatomy of a processing rule. Conditions decide when it acts, actions decide what happens, and order is logic rather than layout.	Yes	38	133	Yes	Yes	Yes
Shape	processing-rules	3	Use Cases and Examples	Section	/adobe-analytics-learning/shape/processing-rules/use-cases-examples/	Processing Rule Use Cases and Examples	Yes	Five worked processing rules, built one at a time, including one that shows the moment a processing rule is the wrong tool for the job.	Yes	38	135	Yes	Yes	Yes
Shape	processing-rules	4	Limitations and Best Practices	Section	/adobe-analytics-learning/shape/processing-rules/limitations-best-practices/	Processing Rule Limitations and Best Practices	Yes	Processing rules are permanent, immediate, and not retroactive. The limits are the shape of the tool, the mistakes they invite, and when Launch is better.	Yes	46	154	Yes	Yes	Yes
Shape	vista-rules		VISTA Rules	Module landing	/adobe-analytics-learning/shape/vista-rules/	VISTA Rules in Adobe Analytics	Yes	What VISTA rules are, why Adobe still offers them, what they cost, and the cheaper tools you should rule out before you ever ask for one.	Yes	30	137	Yes	Yes	Yes
Shape	vista-rules	1	What Are VISTA Rules	Section	/adobe-analytics-learning/shape/vista-rules/what-are-vista-rules/	What Are VISTA Rules in Adobe Analytics	Yes	What a VISTA rule is, where it sits in the pipeline, what it can do that a processing rule cannot, and why Adobe calls it a last resort.	Yes	39	136	Yes	Yes	Yes
Shape	vista-rules	2	When to Use VISTA Rules	Section	/adobe-analytics-learning/shape/vista-rules/when-to-use-vista-rules/	When to Use VISTA Rules in Adobe Analytics	Yes	Start from no. The cheaper tools to rule out first, the signs it really is a VISTA problem, and how to request and maintain one if it is.	Yes	42	137	Yes	Yes	Yes
Shape	vista-rules	3	Common VISTA Rules	Section	/adobe-analytics-learning/shape/vista-rules/common-vista-rules/	Common VISTA Rules in Adobe Analytics	Yes	The VISTA rules people actually use: copying hits to a second report suite, routing traffic, fixing what the console cannot reach, and DB VISTA lookups.	Yes	37	152	Yes	Yes	Yes
Analyze			Analyze the data	Category landing	/adobe-analytics-learning/analyze/	Analyzing Data in Adobe Analytics	Yes	Turning collected data into answers: calculated metrics, segments, Analysis Workspace, attribution, and the exports for questions the interface cannot answer.	Yes	33	158	Yes	Yes	Yes
Analyze	activity-map		Activity Map	Module landing	/adobe-analytics-learning/analyze/activity-map/	Activity Map in Adobe Analytics	Yes	Activity Map shows you what people actually clicked, and where on the page they clicked it. Setting it up, reading it, and its blind spots.	Yes	31	139	Yes	Yes	Yes
Analyze	activity-map	1	Activity Map Overview	Section	/adobe-analytics-learning/analyze/activity-map/activity-map-overview/	Adobe Analytics Activity Map Overview	Yes	Page reports count arrivals and cannot tell you which button people pressed. What Activity Map records, and why the overlay is not the useful part.	Yes	37	147	Yes	Yes	Yes
Analyze	activity-map	2	Implementation and Setup	Section	/adobe-analytics-learning/analyze/activity-map/implementation-setup/	Activity Map Implementation and Setup in Adobe Analytics	Yes	How Adobe works out a link name, what to do when that name is useless, and the elements it silently refuses to track at all.	Yes	56	124	Yes	Yes	Yes
Analyze	activity-map	3	Using Activity Map	Section	/adobe-analytics-learning/analyze/activity-map/using-activity-map/	Using Activity Map in Adobe Analytics	Yes	The overlay on the live page and the dimensions in Workspace answer different questions. Which to reach for, and what Live mode cannot do.	Yes	37	138	Yes	Yes	Yes
Analyze	activity-map	4	Activity Map Best Practices	Section	/adobe-analytics-learning/analyze/activity-map/activity-map-best-practices/	Activity Map Best Practices in Adobe Analytics	Yes	What this data answers honestly, where it misleads, what single page apps do to it, and why a Web SDK migration should be planned around it.	Yes	46	140	Yes	Yes	Yes
Analyze	analysis-workspace		Analysis Workspace	Module landing	/adobe-analytics-learning/analyze/analysis-workspace/	Analysis Workspace in Adobe Analytics	Yes	Freeform tables, cohorts, fallout and anomaly detection. Building a Workspace project that answers a real question and stays readable for everyone else.	Yes	37	152	Yes	Yes	Yes
Analyze	analysis-workspace	1	Analysis Workspace Overview	Section	/adobe-analytics-learning/analyze/analysis-workspace/analysis-workspace-overview/	What Is Analysis Workspace in Adobe Analytics	Yes	Any dimension can meet any metric here, and the tool before it refused almost all of them. What Workspace is, how it is laid out, and what it replaced.	Yes	45	151	Yes	Yes	Yes
Analyze	analysis-workspace	2	Projects and Panels	Section	/adobe-analytics-learning/analyze/analysis-workspace/projects-and-panels/	Projects and Panels in Analysis Workspace	Yes	A panel decides which suite, which dates and which segment everything inside it answers to. What a project really is, and why one report was never enough.	Yes	41	154	Yes	Yes	Yes
Analyze	analysis-workspace	3	Freeform Tables	Section	/adobe-analytics-learning/analyze/analysis-workspace/freeform-tables/	Freeform Tables in Analysis Workspace	Yes	The same two components can produce four different correct answers depending on the arrangement. How rows, breakdowns and columns decide what a number means.	Yes	37	157	Yes	Yes	Yes
Analyze	analysis-workspace	4	Visualizations	Section	/adobe-analytics-learning/analyze/analysis-workspace/visualizations/	Visualizations in Analysis Workspace	Yes	Every chart here is a drawing of a table and inherits its decisions. Which shape answers which question, and the setting that breaks charts quietly.	Yes	36	148	Yes	Yes	Yes
Analyze	analysis-workspace	5	Cohort Analysis	Section	/adobe-analytics-learning/analyze/analysis-workspace/cohort-analysis/	Cohort Analysis in Analysis Workspace	Yes	Every other report asks what happened this month. This one asks whether the people who arrived in January were ever seen again, and the answer is usually worse.	Yes	37	160	Yes	Yes	Yes
Analyze	analysis-workspace	6	Fallout and Flow Analysis	Section	/adobe-analytics-learning/analyze/analysis-workspace/fallout-and-flow-analysis/	Fallout and Flow Analysis in Analysis Workspace	Yes	One tests a path you already believe in. The other shows the paths nobody designed. Both change their answer on a setting most people never open.	Yes	47	145	Yes	Yes	Yes
Analyze	analysis-workspace	7	Anomaly Detection and Contribution Analysis	Section	/adobe-analytics-learning/analyze/analysis-workspace/anomaly-detection-contribution-analysis/	Anomaly Detection in Adobe Analytics	Yes	Nobody can watch four hundred numbers each morning. What the statistics do, why a flagged point is a question rather than a finding, and where it ends.	Yes	36	151	Yes	Yes	Yes
Analyze	analysis-workspace	8	Curation and Templates	Section	/adobe-analytics-learning/analyze/analysis-workspace/curation-and-templates/	Curating Workspace Projects and Templates	Yes	A project that makes sense to its author and nobody else is the normal outcome. Curation, annotations and templates are the three habits that fix it.	Yes	41	149	Yes	Yes	Yes
Analyze	analysis-workspace	9	Sharing and Collaboration	Section	/adobe-analytics-learning/analyze/analysis-workspace/sharing-collaboration/	Sharing Analysis Workspace Projects	Yes	Three roles, and the one most people pick by accident makes the recipient a co-owner of a report other teams depend on. What each share actually grants.	Yes	35	152	Yes	Yes	Yes
Analyze	analysis-workspace	10	Workspace Performance and Limits	Section	/adobe-analytics-learning/analyze/analysis-workspace/workspace-performance-and-limits/	Analysis Workspace Performance and Limits	Yes	The project everybody depends on is usually the slowest one in the company. What actually costs time, the guardrails worth knowing, and how to get it back.	Yes	41	155	Yes	Yes	Yes
Analyze	attribution-models		Attribution Models	Module landing	/adobe-analytics-learning/analyze/attribution-models/	Attribution Models in Adobe Analytics	Yes	How Adobe decides which touchpoint earns a conversion, which model to choose, and what a lookback window really does.	Yes	37	117	Yes	Yes	Yes
Analyze	attribution-models	1	What Is Attribution	Section	/adobe-analytics-learning/analyze/attribution-models/what-is-attribution/	What Is Attribution in Adobe Analytics	Yes	Three teams report three different order counts and all of them are right. What attribution actually does, and why the numbers never match finance.	Yes	38	147	Yes	Yes	Yes
Analyze	attribution-models	2	Attribution Models Compared	Section	/adobe-analytics-learning/analyze/attribution-models/attribution-models-compared/	Adobe Analytics Attribution Models Compared	Yes	Eleven models, but only three shapes underneath them. The exact split each one uses, and the two rules that cancel your choice on most rows.	Yes	43	140	Yes	Yes	Yes
Analyze	attribution-models	3	Lookback Windows	Section	/adobe-analytics-learning/analyze/attribution-models/lookback-windows/	Attribution Lookback Windows in Adobe Analytics	Yes	The window decides which touch points exist at all. Why it is not your report's date range, what the None row means, and how to measure the right one.	Yes	47	150	Yes	Yes	Yes
Analyze	attribution-models	4	Choosing an Attribution Model	Section	/adobe-analytics-learning/analyze/attribution-models/choosing-an-attribution-model/	Choosing an Attribution Model in Adobe Analytics	Yes	There is no correct model, but there is a correct way to choose one. How to pick it, defend it, and stop the number changing every time somebody rebuilds it.	Yes	48	157	Yes	Yes	Yes
Analyze	calculated-metrics		Calculated Metrics	Module landing	/adobe-analytics-learning/analyze/calculated-metrics/	Calculated Metrics in Adobe Analytics	Yes	The cheapest place in Adobe Analytics to change what a company measures, and the reason those libraries end up holding four different conversion rates.	Yes	37	151	Yes	Yes	Yes
Analyze	calculated-metrics	1	What Are Calculated Metrics	Section	/adobe-analytics-learning/analyze/calculated-metrics/what-are-calculated-metrics/	What Are Calculated Metrics in Adobe Analytics	Yes	A count can point at the wrong winner. Ratios are how meaning appears in data, and calculated metrics are where you keep the ones your business runs on.	Yes	46	152	Yes	Yes	Yes
Analyze	calculated-metrics	2	Building Calculated Metrics	Section	/adobe-analytics-learning/analyze/calculated-metrics/building-calculated-metrics/	Building Calculated Metrics in Adobe Analytics	Yes	Orders divided by visits looks like one formula. It is at least four, and the builder decides which one you saved without ever telling you.	Yes	46	139	Yes	Yes	Yes
Analyze	calculated-metrics	3	Calculated Metrics Best Practices	Section	/adobe-analytics-learning/analyze/calculated-metrics/calculated-metrics-best-practices/	Calculated Metrics Best Practices in Adobe Analytics	Yes	Anyone can build one in a minute. Two years on the library holds four Conversion Rates, and the total row does not add up. Both are the same problem.	Yes	52	149	Yes	Yes	Yes
Analyze	data-feeds		Data Feeds	Module landing	/adobe-analytics-learning/analyze/data-feeds/	Data Feeds in Adobe Analytics	Yes	Data feeds hand you raw hit-level data, one row per hit. What is in the columns, what is missing, and what you have to rebuild yourself.	Yes	29	136	Yes	Yes	Yes
Analyze	data-feeds	1	Data Feeds Overview	Section	/adobe-analytics-learning/analyze/data-feeds/data-feeds-overview/	Adobe Analytics Data Feeds Overview	Yes	Every tracking call your site sends becomes one row in a text file. This is the layer every number in Adobe Analytics is built from.	Yes	35	132	Yes	Yes	Yes
Analyze	data-feeds	2	Feed Configuration	Section	/adobe-analytics-learning/analyze/data-feeds/feed-configuration/	Configuring an Adobe Analytics Data Feed	Yes	A feed is a standing instruction, not a one-off request. Interval, columns, late hits and destination, and which of them are painful to change later.	Yes	40	149	Yes	Yes	Yes
Analyze	data-feeds	3	Data Feed Contents	Section	/adobe-analytics-learning/analyze/data-feeds/data-feed-contents/	Adobe Analytics Data Feed Contents and Columns	Yes	What is actually in the delivery: a file with no header row, lookup tables of numeric codes, and the prefix that shows you processing at work.	Yes	46	142	Yes	Yes	Yes
Analyze	data-feeds	4	Processing Data Feeds	Section	/adobe-analytics-learning/analyze/data-feeds/processing-data-feeds/	Processing Adobe Analytics Data Feeds	Yes	Counting raw rows is easy. Getting the same answer as Adobe is not. The rows to discard, the metrics to rebuild, and why the gap is the lesson.	Yes	37	143	Yes	Yes	Yes
Analyze	data-warehouse		Data Warehouse	Module landing	/adobe-analytics-learning/analyze/data-warehouse/	Data Warehouse in Adobe Analytics	Yes	Data Warehouse gives you aggregated data on request, including classifications. What it can answer, what it cannot, and how to ask for it.	Yes	33	138	Yes	Yes	Yes
Analyze	data-warehouse	1	Data Warehouse Overview	Section	/adobe-analytics-learning/analyze/data-warehouse/data-warehouse-overview/	Adobe Analytics Data Warehouse Overview	Yes	Workspace stops at Low Traffic and a truncated list. Data Warehouse does not. What the name means literally, and what you give up to get it.	Yes	39	140	Yes	Yes	Yes
Analyze	data-warehouse	2	Creating Data Warehouse Requests	Section	/adobe-analytics-learning/analyze/data-warehouse/creating-data-warehouse-requests/	Creating a Data Warehouse Request in Adobe Analytics	Yes	You are describing a table you will not see for hours, to a system that asks no questions. Six tabs, and the mistakes that only surface on delivery.	Yes	52	148	Yes	Yes	Yes
Analyze	data-warehouse	3	Delivery Options	Section	/adobe-analytics-learning/analyze/data-warehouse/delivery-options/	Data Warehouse Delivery Options in Adobe Analytics	Yes	Where the file goes, how often, and the small settings that decide whether an automated pipeline works or fails without telling anyone.	Yes	50	135	Yes	Yes	Yes
Analyze	data-warehouse	4	Best Practices and Use Cases	Section	/adobe-analytics-learning/analyze/data-warehouse/best-practices-use-cases/	Data Warehouse Best Practices in Adobe Analytics	Yes	When Data Warehouse is the right tool, when it is a slow way to answer an easy question, and how it differs from the raw feed underneath it.	Yes	48	140	Yes	Yes	Yes
Analyze	segments		Segments	Module landing	/adobe-analytics-learning/analyze/segments/	Segments in Adobe Analytics	Yes	Build segments that ask real questions of your data. Containers, logic, sequences, and how to keep a segment library from becoming a swamp.	Yes	27	139	Yes	Yes	Yes
Analyze	segments	1	Understanding Segments	Section	/adobe-analytics-learning/analyze/segments/understanding-segments/	Understanding Segments in Adobe Analytics	Yes	Filter is the wrong word for it. A segment is a named, reusable, scoped slice of your journey data, and it is where real analysis in Adobe begins.	Yes	41	146	Yes	Yes	Yes
Analyze	segments	2	Segment Containers	Section	/adobe-analytics-learning/analyze/segments/segment-containers/	Segment Containers in Adobe Analytics	Yes	The container decides how much of the journey a segment pulls in: one hit, one visit, or a whole visitor. Get it wrong and the numbers quietly lie.	Yes	37	147	Yes	Yes	Yes
Analyze	segments	3	Segment Logic and Operators	Section	/adobe-analytics-learning/analyze/segments/segment-logic-operators/	Segment Logic and Operators in Adobe Analytics	Yes	Operators are what lift a segment past a spreadsheet dropdown: how one condition matches a value, and how conditions combine with And, Or, and nesting.	Yes	46	151	Yes	Yes	Yes
Analyze	segments	4	Sequential Segments	Section	/adobe-analytics-learning/analyze/segments/sequential-segments/	Sequential Segments in Adobe Analytics	Yes	And asks whether things happened. THEN asks whether they happened in order. Sequential segments turn a set of conditions into a journey with direction.	Yes	38	151	Yes	Yes	Yes
Analyze	segments	5	Segment Types and Sharing	Section	/adobe-analytics-learning/analyze/segments/segment-types-sharing/	Segment Types and Sharing in Adobe Analytics	Yes	A segment is worth only as much as the people and tools that can reach it. Here is how one definition gets saved, shared, published, and reused everywhere.	Yes	44	155	Yes	Yes	Yes
Analyze	segments	6	Segment Best Practices	Section	/adobe-analytics-learning/analyze/segments/segment-best-practices/	Segment Best Practices in Adobe Analytics	Yes	Anyone can build a segment. The craft is building ones that stay correct, run fast, stay findable, and keep an organization counting the same thing.	Yes	41	148	Yes	Yes	Yes
Deliver			Deliver and maintain	Category landing	/adobe-analytics-learning/deliver/	Delivering and Maintaining Adobe Analytics	Yes	Solution design references, implementation validation, and Customer Journey Analytics: the practices that separate a working implementation from a trusted one.	Yes	42	159	Yes	Yes	Yes
Deliver	adobe-analytics-cja		Adobe Analytics and CJA	Module landing	/adobe-analytics-learning/deliver/adobe-analytics-cja/	Adobe Analytics vs Customer Journey Analytics (CJA)	Yes	What Customer Journey Analytics changes, how it connects to Experience Platform, and what a migration actually involves.	Yes	51	120	Yes	Yes	Yes
Deliver	adobe-analytics-cja	1	What Is Customer Journey Analytics	Section	/adobe-analytics-learning/deliver/adobe-analytics-cja/what-is-customer-journey-analytics/	What Is Customer Journey Analytics (CJA)	Yes	Adobe Analytics decides at collection and stores the answer. CJA stores the event and decides at report time. What that fixes, and what it gives up.	Yes	40	148	Yes	Yes	Yes
Deliver	adobe-analytics-cja	2	Adobe Experience Platform Integration	Section	/adobe-analytics-learning/deliver/adobe-analytics-cja/adobe-experience-platform-integration/	Adobe Analytics and Experience Platform Integration	Yes	CJA reads data it never collected. The two routes into Platform, why one of them is a project in itself, and where the full guide to that project lives.	Yes	51	152	Yes	Yes	Yes
Deliver	adobe-analytics-cja	3	Cross-Device Analytics	Section	/adobe-analytics-learning/deliver/adobe-analytics-cja/cross-device-analytics/	Cross-Device Analytics in Adobe	Yes	One person on three devices is counted as three. How Adobe stitches them into one, in both products, and why the honest result is still not one person.	Yes	31	151	Yes	Yes	Yes
Deliver	adobe-analytics-cja	4	Migrating to CJA	Section	/adobe-analytics-learning/deliver/adobe-analytics-cja/migrating-to-cja/	Migrating from Adobe Analytics to CJA	Yes	There is no deadline, which should change how you decide. What has to be rebuilt, the five discrepancies that always appear, and what a parallel run is for.	Yes	37	156	Yes	Yes	Yes
Deliver	adobe-analytics-cja	5	What to Learn Next	Section	/adobe-analytics-learning/deliver/adobe-analytics-cja/what-to-learn-next/	What to Learn Next After Adobe Analytics	Yes	You learned a product and the market says a newer one is coming. What of it actually transfers, four directions worth taking, and what certification is worth.	Yes	40	158	Yes	Yes	Yes
Deliver	solution-design-reference		Solution Design Reference (SDR)	Module landing	/adobe-analytics-learning/deliver/solution-design-reference/	The Solution Design Reference (SDR)	Yes	The design artifact that determines whether an implementation succeeds: requirements, structure, variable mapping, developer instructions, and sign-off.	Yes	35	152	Yes	Yes	Yes
Deliver	solution-design-reference	1	What Is an SDR	Section	/adobe-analytics-learning/deliver/solution-design-reference/what-is-an-sdr/	What Is a Solution Design Reference (SDR)	Yes	An SDR is not a list of variables. It is the design that shows how a business request becomes a report, held together by an ID that survives to sign-off.	Yes	41	153	Yes	Yes	Yes
Deliver	solution-design-reference	2	Business Requirements Document	Section	/adobe-analytics-learning/deliver/solution-design-reference/business-requirements-document/	Business Requirements Document (BRD) for Analytics	Yes	The document that records what the business wants and refuses to say how it will be done. Requirement IDs, phases, out of scope, and real sign-off.	Yes	50	147	Yes	Yes	Yes
Deliver	solution-design-reference	3	SDR Structure	Section	/adobe-analytics-learning/deliver/solution-design-reference/sdr-structure/	SDR Structure for Adobe Analytics	Yes	One solution, one ID, and a block of rows beneath it. The seven columns of an SDR, and why requirements rarely map one to one.	Yes	33	126	Yes	Yes	Yes
Deliver	solution-design-reference	4	Variable Mapping	Section	/adobe-analytics-learning/deliver/solution-design-reference/variable-mapping/	Variable Mapping in an Adobe Analytics SDR	Yes	The variable list, given the job it can actually do. Every slot including the empty ones, and why your copy will drift from the live one.	Yes	42	137	Yes	Yes	Yes
Deliver	solution-design-reference	5	Developer Instructions	Section	/adobe-analytics-learning/deliver/solution-design-reference/developer-instructions/	Writing Developer Instructions in an SDR	Yes	The technical document is the SDR with eight more columns, not a second document. Rule types, data elements, and the one ordering rule that matters.	Yes	40	148	Yes	Yes	Yes
Deliver	solution-design-reference	6	Validation and Sign-off	Section	/adobe-analytics-learning/deliver/solution-design-reference/validation-and-sign-off/	Analytics Implementation Validation and Sign-off	Yes	Testing against solution IDs rather than against the site. Four statuses, dated cycles kept in the row, named owners, and how a project reaches an honest yes.	Yes	48	158	Yes	Yes	Yes
Deliver	testing-debugging		Testing and Debugging	Module landing	/adobe-analytics-learning/deliver/testing-debugging/	Testing and Debugging Adobe Analytics	Yes	Finding out whether your implementation is telling the truth. The Adobe debugger, browser tools, real-time validation, and how to read a hit.	Yes	37	141	Yes	Yes	Yes
Deliver	testing-debugging	1	Debugging Tools Overview	Section	/adobe-analytics-learning/deliver/testing-debugging/debugging-tools-overview/	How to Debug an Adobe Analytics Implementation	Yes	Testing works down the solution list, one row at a time. The five stages a value travels, which tool can see each stage, and where the finding gets written.	Yes	46	156	Yes	Yes	Yes
Deliver	testing-debugging	2	Adobe Experience Platform Debugger	Section	/adobe-analytics-learning/deliver/testing-debugging/adobe-experience-platform-debugger/	Adobe Experience Platform Debugger for Adobe Analytics	Yes	The extension that puts names on a tracking call and shows which rules fired. What it reads, what it cannot see, and one change made in 2026.	Yes	54	141	Yes	Yes	Yes
Deliver	testing-debugging	3	Browser Developer Tools	Section	/adobe-analytics-learning/deliver/testing-debugging/browser-developer-tools/	Debugging Adobe Analytics with Browser Developer Tools	Yes	The request is the only fact on the chain. How to find a hit, read it without help, and run the test that separates a data layer fault from a rule fault.	Yes	54	153	Yes	Yes	Yes
Deliver	testing-debugging	4	Real-Time Validation	Section	/adobe-analytics-learning/deliver/testing-debugging/real-time-validation/	Validating an Adobe Analytics Implementation in Real Time	Yes	Real-time reporting shows data within two minutes of collection. What it can confirm during a test session, what it refuses to show, and how to plan the wait.	Yes	57	158	Yes	Yes	Yes
Deliver	testing-debugging	5	Common Issues and Solutions	Section	/adobe-analytics-learning/deliver/testing-debugging/common-issues-solutions/	Common Adobe Analytics Issues and Fixes	Yes	The faults that recur in Adobe Analytics implementations. What each symptom means, where to look for the cause, and the two that remove data silently.	Yes	39	150	Yes	Yes	Yes
Platform	navigation	1	Left sidebar module navigation	Feature	layouts/_default/baseof.html		NA		NA	0	0	Yes	No	No
Platform	navigation	2	Pocket map (where this fits)	Feature	layouts/partials/wherefits.html		NA		NA	0	0	Yes	No	No
Platform	navigation	3	Home map	Feature	layouts/partials/homemap.html		NA		NA	0	0	Yes	No	No
Platform	navigation	4	Previous and next section links	Feature	layouts/_default/baseof.html		NA		NA	0	0	Yes	No	No
Platform	navigation	5	Site-wide search: per-world index, cross-world hint, both worlds	Feature	static/search.js		NA		NA	0	0	Yes	No	No
Platform	navigation	6	Migration-world search	Feature	static/search.js		NA		NA	0	0	Yes	No	No
Platform	navigation	7	Search index generation	Feature	layouts/index.json		NA		NA	0	0	Yes	No	No
Platform	presentation	8	Dual-world stylesheet switching	Feature	layouts/partials/head.html		NA		NA	0	0	Yes	No	No
Platform	presentation	9	Dark and light theme toggle	Feature	static/world-learning.js		NA		NA	0	0	Yes	No	No
Platform	presentation	10	Print document, learning world	Feature	static/world-learning.js		NA		NA	0	0	Yes	No	No
Platform	presentation	11	Print document, migration world	Feature	static/world-migration.js		NA		NA	0	0	Yes	No	No
Platform	presentation	12	Responsive layout	Feature	static/world-learning.css		NA		NA	0	0	Yes	No	No
Platform	presentation	13	Code block copy buttons	Feature	static/world-learning.js		NA		NA	0	0	Yes	No	No
Platform	presentation	14	Doc-note injection above ref-box	Feature	layouts/lesson/single.html		NA		NA	0	0	Yes	No	No
Platform	presentation	15	Component class vocabulary	Feature	static/world-learning.css		NA		NA	0	0	Yes	No	No
Platform	seo	16	Canonical URLs	Feature	layouts/partials/head.html		NA		NA	0	0	Yes	No	No
Platform	seo	17	Open Graph tags	Feature	layouts/partials/head.html		NA		NA	0	0	Yes	No	No
Platform	seo	18	Twitter card tags	Feature	layouts/partials/head.html		NA		NA	0	0	Yes	No	No
Platform	seo	19	sitemap.xml	Feature	hugo built-in		NA		NA	0	0	Yes	No	No
Platform	seo	20	robots.txt	Feature	layouts/robots.txt		NA		NA	0	0	Yes	No	No
Platform	seo	21	JSON-LD WebSite and Person	Feature	layouts/partials/schema.html		NA		NA	0	0	Yes	No	No
Platform	seo	22	JSON-LD BreadcrumbList	Feature	layouts/partials/schema.html		NA		NA	0	0	Yes	No	No
Platform	seo	23	JSON-LD Article for learning world	Feature	layouts/partials/schema.html		NA		NA	0	0	Yes	No	No
Platform	seo	24	datePublished and dateModified in schema	Feature	layouts/partials/schema.html		NA		NA	0	0	Yes	No	No
Platform	seo	25	Originally published date on page	Feature	layouts/lesson/single.html		NA		NA	0	0	Yes	No	No
Platform	seo	26	RSS feed	Feature	hugo.toml		NA		NA	0	0	Yes	No	No
Platform	chrome	27	Home page topic cards	Feature	layouts/index.html		NA		NA	0	0	Yes	No	No
Platform	chrome	28	404 page	Feature	layouts/404.html		NA		NA	0	0	Yes	No	No
Platform	chrome	29	Favicon set	Feature	static/favicon.svg		NA		NA	0	0	Yes	No	No
Platform	chrome	30	Open Graph default image	Feature	static/og-default.jpg		NA		NA	0	0	Yes	No	No
Platform	chrome	31	Site footer	Feature	layouts/_default/baseof.html		NA		NA	0	0	Yes	No	No
Platform	chrome	32	Glossary	Feature	layouts/glossary/single.html		NA		NA	0	0	Yes	No	No
Platform	infrastructure	33	GitHub Actions deploy workflow	Feature	.github/workflows/deploy.yml		NA		NA	0	0	Yes	No	No
Platform	infrastructure	34	Custom domain CNAME	Feature	static/CNAME		NA		NA	0	0	Yes	No	No
Platform	infrastructure	35	Google Analytics	Feature	hugo.toml		NA		NA	0	0	Yes	No	No
Platform	tech-debt	36	Per-world params.phases scoping	Feature	layouts/partials/wherefits.html		NA		NA	0	0	Yes	No	No
Platform	tech-debt	37	Dead code removal	Feature	static/guide.css		NA		NA	0	0	No	No	No
Platform	tech-debt	38	Hardcoded migration stats: the step count is now counted, not typed	Feature	layouts/partials/procedurehome.html		NA		NA	0	0	Yes	No	No
Platform	tech-debt	39	Logo partial extraction	Feature	layouts/partials/		NA		NA	0	0	Yes	No	No
Platform	presentation		Author byline on sections and landings	Feature	layouts/partials/byline.html	NA	NA	NA	NA	NA	NA	Yes	No	No
Platform	presentation		In-page spine (On this page)	Feature	static/world-learning.js	NA	NA	NA	NA	NA	NA	Yes	No	No
Platform	seo		Heading anchors emitted at build time	Feature	layouts/lesson/single.html	NA	NA	NA	NA	NA	NA	Yes	No	No
Platform	presentation		Type and spacing token scale	Feature	static/world-learning.css	NA	NA	NA	NA	NA	NA	Yes	No	No
Platform	presentation		Colour token system (accent, semantic -ink, on-accent)	Feature	static/world-learning.css	NA	NA	NA	NA	NA	NA	Yes	No	No
Platform	presentation		Label voice: bold sans, sentence case, readable semantics	Feature	static/world-learning.css	NA	NA	NA	NA	NA	NA	Yes	No	No
Platform	presentation		Diagram plate treatment and SVG legibility floor	Feature	static/world-learning.css	NA	NA	NA	NA	NA	NA	Yes	No	No
Platform	presentation		About mark halo and hover affordance	Feature	static/chrome.css	NA	NA	NA	NA	NA	NA	Yes	No	No
Platform	presentation		Diagram specification (drawing standard)	Feature	diagram-spec.html	NA	NA	NA	NA	NA	NA	Yes	No	No
Platform	presentation		Diagram palette tokens (--dia-a..e)	Feature	static/world-learning.css	NA	NA	NA	NA	NA	NA	Yes	No	No
Platform	presentation		Diagram redraw programme (14 of 14 modules, 125 figures SVG)	Feature	content/adobe-analytics-learning/	NA	NA	NA	NA	NA	NA	Yes	No	No
Platform	presentation		Self-hosted typeface (IBM Plex)	Feature	static/fonts/	NA	NA	NA	NA	NA	NA	Yes	No	No
Platform	presentation		Scale line on landings	Feature	layouts/partials/scale.html	NA	NA	NA	NA	NA	NA	Yes	No	No
Platform	presentation		Automated per-figure diagram check	Feature	diagram-check.js	NA	NA	NA	NA	NA	NA	Yes	No	No
Platform	presentation		Print forces the light diagram palette	Feature	static/world-learning.css	NA	NA	NA	NA	NA	NA	Yes	No	No
Platform	presentation		Body prose 18px to 17px	Feature	static/world-learning.css	NA	NA	NA	NA	NA	NA	Yes	No	No
Platform	presentation		prefers-reduced-motion honoured site-wide (CMP-11)	Feature	static/	NA	NA	NA	NA	NA	NA	Yes	No	No
Platform	presentation		ref-box URLs expanded in print (CMP-10)	Feature	static/world-learning.css	NA	NA	NA	NA	NA	NA	Yes	No	No
Platform	tech-debt		Dead diagram CSS and four dead files removed (CMP-05, INF-07)	Feature	static/	NA	NA	NA	NA	NA	NA	Yes	No	No
Platform	infrastructure		World registry keyed on .Section, per-world phases (INF-05, INF-06)	Feature	hugo.toml	NA	NA	NA	NA	NA	NA	Yes	No	No
Platform	presentation		"Do this" component: light instruction panel replacing dark blocks	Feature	static/world-learning.css	NA	NA	NA	NA	NA	NA	Yes	No	No
Platform	presentation		47 code blocks converted to Do this across modules 2 to 14	Feature	content/adobe-analytics-learning/	NA	NA	NA	NA	NA	NA	Yes	No	No
Platform	presentation		Reading ink to primary, heading weights lowered (benchmark pass)	Feature	static/world-learning.css	NA	NA	NA	NA	NA	NA	Yes	No	No
Platform	presentation		Screenshot chrome removed, height cap raised, print dimming fixed	Feature	static/world-learning.css	NA	NA	NA	NA	NA	NA	Yes	No	No
Platform	presentation		Four emoji replaced by drawn tiles, 340 component headers	Feature	static/world-learning.css	NA	NA	NA	NA	NA	NA	Yes	No	No
Platform	presentation		Links never bold in content, markup and rule	Feature	static/world-learning.css	NA	NA	NA	NA	NA	NA	Yes	No	No
Platform	presentation		32 shot-pending screenshot briefs, modules 1 to 13	Feature	content/adobe-analytics-learning/	NA	NA	NA	NA	NA	NA	Yes	No	No
Platform	chrome		Floating controls share one centre axis (--fab-axis)	Feature	static/chrome.css	NA	NA	NA	NA	NA	NA	Yes	No	No
Platform	chrome		Pocket map tab vertical at every width	Feature	static/chrome.css	NA	NA	NA	NA	NA	NA	Yes	No	No
Platform	chrome		"Ask Amit": overlay, spine entry, arriving bar	Feature	layouts/_default/baseof.html	NA	NA	NA	NA	NA	NA	Yes	No	No
Platform	infrastructure		author.js and search.js given ?v= content hashes (trap 4)	Feature	layouts/_default/baseof.html	NA	NA	NA	NA	NA	NA	Yes	No	No
Platform	presentation		Diagram zoom and figure hint on every figure, 126 diagrams and 43 screenshots	Feature	static/world-learning.js	NA	NA	NA	NA	NA	NA	Yes	No	No
Platform	presentation		Figures fit the phone; CMP-12 --diagram-min floor moved to the JS-inserted .diagram-frame, screen and print	Feature	static/world-learning.css	NA	NA	NA	NA	NA	NA	Yes	No	No
Platform	presentation		Mixed figure, svg plus HTML bars, framed and expanded as one drawing	Feature	static/world-learning.js	NA	NA	NA	NA	NA	NA	Yes	No	No
Platform	presentation		Comparison grid unified across six placements, .compare-card and its hardcoded white removed	Feature	static/world-learning.css	NA	NA	NA	NA	NA	NA	Yes	No	No
Platform	presentation		Code blocks wrap rather than scroll on a phone	Feature	static/world-learning.css	NA	NA	NA	NA	NA	NA	Yes	No	No
Platform	presentation		Tables fit a phone: separator and camelCase breaks, then padding, then type against a 12px floor	Feature	static/world-learning.js	NA	NA	NA	NA	NA	NA	Yes	No	No
Platform	presentation		Print: full cell grid on content tables, and the .print-doc layout-cell leak that restyled the whole page	Feature	static/world-learning.css	NA	NA	NA	NA	NA	NA	Yes	No	No
Platform	presentation		Print: path-title kept its dark-mode colour on white paper	Feature	static/world-learning.css	NA	NA	NA	NA	NA	NA	Yes	No	No
Platform	presentation		dl-box: the site's first downloadable-file component, on neutral ground rather than a tint	Feature	static/world-learning.css	NA	NA	NA	NA	NA	NA	Yes	No	No
Platform	presentation		Five worked Kestrel and Co. workbooks published as downloadable templates	Feature	amitdusane-site-complete/static/templates/	NA	NA	NA	NA	NA	NA	Yes	No	No
Platform	presentation		Module downloads as furniture: a strip under the byline and a card pinned to the top of the in-page spine, on every section of a module that declares files	Feature	layouts/partials/moduledocs.html	NA	NA	NA	NA	NA	NA	Yes	No	No
Platform	presentation		M19 screenshots: nineteen cell-range exports from the Kestrel workbooks, the first shots on the site taken from our own documents	Feature	amitdusane-site-complete/static/img/	NA	NA	NA	NA	NA	NA	Yes	No	No
Platform	presentation		tbl-hint: a generated line above any table that still scrolls on a phone after the fitting ladder	Feature	static/world-learning.js	NA	NA	NA	NA	NA	NA	Yes	No	No
Platform	chrome		Global site header: logo + amitdusane.com + section name, one partial for every world	Feature	layouts/partials/siteheader.html	NA	NA	NA	NA	NA	NA	Yes	No	No
Platform	chrome		Header responsive: one row above 1180, two rows below, hamburger joins row two below 880	Feature	static/chrome.css	NA	NA	NA	NA	NA	NA	Yes	No	No
Platform	presentation		Manrope wordmark, self-hosted and preloaded, used nowhere else on the site	Feature	static/fonts/manrope-latin-wght-normal.woff2	NA	NA	NA	NA	NA	NA	Yes	No	No
Platform	presentation		IBM Plex promoted to the site typeface; migration moved off the system stack	Feature	static/chrome.css	NA	NA	NA	NA	NA	NA	Yes	No	No
Platform	chrome		Global print document: one partial, one filler, section name swapped per world	Feature	layouts/partials/printdoc.html	NA	NA	NA	NA	NA	NA	Yes	No	No
Platform	chrome		Byline made global; dates added to all 38 migration pages	Feature	static/chrome.css	NA	NA	NA	NA	NA	NA	Yes	No	No
Platform	presentation		Figure zoom, overlay and hint lifted global; migration figures fit the phone	Feature	static/figures.js	NA	NA	NA	NA	NA	NA	Yes	No	No
Platform	chrome		Ask Amit bar lifted global, shows at half the article, re-arms on leaving the zone	Feature	static/askbar.js	NA	NA	NA	NA	NA	NA	Yes	No	No
Platform	chrome		Theme toggle deduplicated into siteheader.js; both worlds had identical copies	Feature	static/siteheader.js	NA	NA	NA	NA	NA	NA	Yes	No	No
Platform	tech-debt		Heading anchors made one partial, shared by lesson/single.html and the search index	Feature	layouts/partials/anchored-content.html	NA	NA	NA	NA	NA	NA	Yes	No	No
Platform	chrome		Home page rebuilt: identity lockup, Manrope H1, two guide tiles, fixed dark palette with no theme toggle	Feature	layouts/index.html	NA	NA	NA	NA	NA	NA	Yes	No	No
Platform	seo		Three Open Graph images generated, one per world, each carrying the AD mark and amitdusane.com	Feature	static/img/og	NA	NA	NA	NA	NA	NA	Yes	No	No
Platform	navigation		Migration front page rebuilt as a four-stage navigator, stages driven from hugo.toml rather than hardcoded	Feature	layouts/partials/stepmap.html	NA	NA	NA	NA	NA	NA	Yes	No	No
Platform	chrome		About page rebuilt and moved out of content into a layout; light-pinned so it ignores a dark choice made elsewhere	Feature	layouts/about/single.html	NA	NA	NA	NA	NA	NA	Yes	No	No
Platform	presentation		Years of experience computed from careerStart, so the About and home sentences can never go stale	Feature	layouts/partials/years.html	NA	NA	NA	NA	NA	NA	Yes	No	No
Platform	tech-debt		IBM Plex Sans restored site-wide: an early-closed CSS comment had been discarding its @font-face block	Feature	static/chrome.css	NA	NA	NA	NA	NA	NA	Yes	No	No
Platform	infrastructure		Staging guard: a generated _headers file emits X-Robots-Tag noindex on any baseURL that is not amitdusane.com	Feature	layouts/index.headers	NA	NA	NA	NA	NA	NA	Yes	No	No
Platform	navigation		Glossary link pinned above the phase list in the left rail, with a term count derived from the page itself	Feature	layouts/_default/baseof.html	NA	NA	NA	NA	NA	NA	Yes	No	No
Platform	presentation		Learning front page trimmed vertically, and a phantom 48px overflow removed from every short page	Feature	static/world-learning.css	NA	NA	NA	NA	NA	NA	Yes	No	No
Platform	chrome		Mobile drawer closes on an outside tap: a scrim at z-899 under the sidebar, reported from the first staging test	Feature	static/world-learning.css	NA	NA	NA	NA	NA	NA	Yes	No	No
Platform	chrome		Both overlays sized for a phone and given 40px close buttons; they were sitting under the header at z-1000	Feature	static/chrome.css	NA	NA	NA	NA	NA	NA	Yes	No	No
Platform	navigation		Pocket map extended to module and phase landings; it had been rendered for type lesson only	Feature	layouts/_default/baseof.html	NA	NA	NA	NA	NA	NA	Yes	No	No
Platform	navigation		Module landing rebuilt as a numbered contents list carrying each section description, map above the prose	Feature	layouts/module/list.html	NA	NA	NA	NA	NA	NA	Yes	No	No
Platform	navigation		Phase landing rebuilt as module cards, a deliberately different shape from the module landing	Feature	layouts/category/list.html	NA	NA	NA	NA	NA	NA	Yes	No	No
Platform	navigation		Left rail rows toggle instead of navigating; each landing demoted to a quiet Overview row inside	Feature	layouts/_default/baseof.html	NA	NA	NA	NA	NA	NA	Yes	No	No
Platform	infrastructure		GA tracking guard: the tracking call fires only when the baseURL is amitdusane.com, replacing the per-launch comment wrapper	Feature	layouts/partials/head.html	NA	NA	NA	NA	NA	NA	Yes	No	No
Platform	infrastructure		Third world registered: /aep-mobile-sdk/, procedure shape, sharing world-shell.css and the migration shell rather than forking either	Feature	hugo.toml	NA	NA	NA	NA	NA	NA	Yes	No	No
Platform	infrastructure		Procedure shell generalised: shape/bodyclass/name/railtitle/punch keys replace the $mig boolean, and all four global step queries are scoped per world	Feature	layouts/_default/baseof.html	NA	NA	NA	NA	NA	NA	Yes	No	No
Section	aep-mobile-sdk	1	Understand what mobile changes	Section	/aep-mobile-sdk/understand-what-mobile-changes/	Adobe Experience Platform Mobile SDK vs Web: What Changes	Yes	Four things a mobile app breaks about the way web analytics people work, and the one idea that has to change before any of the rest makes sense.	Yes	57	144	Yes	No	No
Section	aep-mobile-sdk	2	Decide what to track	Section	/aep-mobile-sdk/decide-what-to-track/	Planning What to Track in an Adobe Mobile SDK Implementation	Yes	What the SDK reports without being asked, why a screen is not a page view, and how to choose the handful of events worth a developer's time.	Yes	60	140	Yes	No	No
Section	aep-mobile-sdk	3	Create the XDM schema	Section	/aep-mobile-sdk/create-the-xdm-schema/	Creating an XDM Schema for the Adobe Mobile SDK	Yes	The class, the field groups, and the one rule that makes a schema different from an eVar: once a field has taken data, it can only be added to.	Yes	47	143	Yes	No	No
Section	aep-mobile-sdk	4	Create the datastream	Section	/aep-mobile-sdk/create-the-datastream/	Configuring a Datastream for Adobe Analytics and AEP	Yes	One datastream, two services. This is the step that decides whether the app feeds Adobe Analytics only, or Analytics and Customer Journey Analytics together.	Yes	52	157	Yes	No	No
Section	aep-mobile-sdk	5	Create the mobile tag property	Section	/aep-mobile-sdk/create-the-mobile-tag-property/	Creating a Mobile Tag Property and Adding SDK Extensions	Yes	Four extensions, one datastream per environment, and the Environment File ID that is the only thing a mobile developer needs from you.	Yes	56	134	Yes	No	No
Section	aep-mobile-sdk	6	Get the SDK into the app	Section	/aep-mobile-sdk/get-the-sdk-into-the-app/	Install the Adobe Mobile SDK: iOS, Android, Cross-Platform	Yes	The one step you cannot do yourself. What to put in the ticket, what the developer adds, and how to tell whether they added the right thing.	Yes	58	140	Yes	No	No
Section	aep-mobile-sdk	6.1	Get the SDK in: iOS	Section	/aep-mobile-sdk/get-the-sdk-ios/	Install the Adobe Mobile SDK on iOS with Swift Package Manager	Yes	The packages, the import lines, and where the one call that starts the SDK belongs in a Swift app that may or may not have an AppDelegate.	Yes	62	138	Yes	No	No
Section	aep-mobile-sdk	6.2	Get the SDK in: Android	Section	/aep-mobile-sdk/get-the-sdk-android/	Install the Adobe Mobile SDK on Android with Gradle	Yes	The Gradle block, the bill of materials that keeps the versions matched, and the one line in the manifest that decides whether any of it runs.	Yes	51	142	Yes	No	No
Section	aep-mobile-sdk	6.3	Get the SDK in: React Native	Section	/aep-mobile-sdk/get-the-sdk-react-native/	Install the Adobe Mobile SDK in a React Native App	Yes	Five npm packages and one call in JavaScript. Since version 7 there is no native code to write, which removes the step that used to cause the trouble.	Yes	50	150	Yes	No	No
Section	aep-mobile-sdk	6.4	Get the SDK in: Flutter	Section	/aep-mobile-sdk/get-the-sdk-flutter/	Install the Adobe Mobile SDK in a Flutter App	Yes	Five pub packages and one call in Dart. Since version 5 there is no native code to write, which removes the step that used to cause the trouble.	Yes	45	144	Yes	No	No
Section	aep-mobile-sdk	7	Turn on lifecycle	Section	/aep-mobile-sdk/turn-on-lifecycle/	Adobe Mobile SDK Lifecycle Metrics: Setup and What You Get	Yes	Mostly a step about not writing code. Lifecycle is already running if the SDK was started properly, and the work is confirming it rather than building it.	Yes	58	154	Yes	No	No
Section	aep-mobile-sdk	8	Track screens and actions	Section	/aep-mobile-sdk/track-screens-and-actions/	Tracking Screens and Actions with the Adobe Mobile SDK	Yes	One API sends everything. What goes inside an ExperienceEvent, and how to specify it so a developer cannot guess wrong.	Yes	54	119	Yes	No	No
Section	aep-mobile-sdk	9	Set up identity	Section	/aep-mobile-sdk/set-up-identity/	ECID and Customer IDs in the Adobe Mobile SDK	Yes	The ECID identifies a device, not a person. Adding your own customer ID is what lets one human being be recognised across an app and a website.	Yes	45	143	Yes	No	No
Section	aep-mobile-sdk	10	Handle consent	Section	/aep-mobile-sdk/handle-consent/	Implementing Consent in the Adobe Mobile SDK	Yes	The default decides what happens before a person has chosen anything, and on a mobile app that window is the first launch, which you cannot repeat.	Yes	44	147	Yes	No	No
Section	aep-mobile-sdk	11	Read values from the SDK	Section	/aep-mobile-sdk/read-values-from-the-sdk/	Reading ECID, Consent and Identity from the Adobe Mobile SDK	Yes	How to ask the SDK what it thinks its own state is. Three calls that turn an argument about whether tracking works into a question with an answer.	Yes	60	146	Yes	No	No
Section	aep-mobile-sdk	12	Measure WebView screens	Section	/aep-mobile-sdk/measure-webview-screens/	Measuring WebView Screens and Passing the ECID	Yes	A WebView is a browser, so it makes its own ECID and one person becomes two. One call joins them, and its timing decides whether it works.	Yes	46	138	Yes	No	No
Section	aep-mobile-sdk	13	Validate in Assurance	Section	/aep-mobile-sdk/validate-in-assurance/	Validating a Mobile SDK Implementation with Adobe Assurance	Yes	The console a compiled app does not have. How to connect a phone, read the event flow, and tell a healthy event from one that only looks healthy.	Yes	59	145	Yes	No	No
Section	aep-mobile-sdk	14	Debug when nothing arrives	Section	/aep-mobile-sdk/debug-when-nothing-arrives/	Debugging an Adobe Mobile SDK When No Data Arrives	Yes	Find where the event stopped before deciding whose problem it is. Five places it can stop, what each one means, and which of them are yours to fix.	Yes	50	147	Yes	No	No
Section	aep-mobile-sdk	15	Release and manage versions	Section	/aep-mobile-sdk/release-and-manage-versions/	Releasing a Mobile SDK Build and Managing App Versions	Yes	Shipping is not the end of it. Old versions keep reporting, adoption takes months, and every trend line during a rollout has two populations in it.	Yes	54	147	Yes	No	No
Section	aep-mobile-sdk	KB	Which Adobe mobile SDK is this	Section	/aep-mobile-sdk/kb/sdk-vs-mobile-services/	AEP Mobile SDK, Mobile Services and AppMeasurement Compared	Yes	Three generations of Adobe mobile tooling share vocabulary and behave differently. Working out which one an app has decides most of what follows.	Yes	59	145	Yes	No	No
Section	aep-mobile-sdk	KB	Where context data went	Section	/aep-mobile-sdk/kb/xdm-vs-contextdata/	XDM Instead of Context Data in Adobe Mobile Implementations	Yes	The unit of collection changed from a flat bag of keys to a typed, agreed schema, and the reason is what happens after the data lands.	Yes	59	134	Yes	No	No
Section	aep-mobile-sdk	KB	Where XDM values come from	Section	/aep-mobile-sdk/kb/where-xdm-comes-from/	Where XDM Values Come From in a Mobile Implementation	Yes	On the web a rule reads the page and builds the payload. A mobile app has no page to read, so the values have to arrive another way entirely.	Yes	53	141	Yes	No	No
Section	aep-mobile-sdk	KB	What arrives without asking	Section	/aep-mobile-sdk/kb/lifecycle-metrics/	Adobe Mobile SDK Lifecycle Metrics Explained	Yes	Installs, upgrades, launches, session length and device detail, all reported from two automatic events that nobody has to write code for.	Yes	44	137	Yes	No	No
Section	aep-mobile-sdk	KB	Which path are you on	Section	/aep-mobile-sdk/kb/edge-vs-direct/	Edge Network Versus the Direct Analytics Extension on Mobile	Yes	Two ways to reach Adobe Analytics from an app. One of them also reaches Customer Journey Analytics, and choosing wrongly is expensive to undo.	Yes	60	142	Yes	No	No
Section	aep-mobile-sdk	KB	What the tag property can change	Section	/aep-mobile-sdk/kb/what-tags-can-change/	What a Mobile Tag Property Can Change Without a Release	Yes	The useful question is not whether things can be changed without shipping an app. It is which things, and the list is shorter than the web one.	Yes	55	143	Yes	No	No
Section	aep-mobile-sdk	KB	What the standard field groups give you	Section	/aep-mobile-sdk/kb/mobile-schema/	Mobile XDM Field Groups in an Adobe Experience Platform Schema	Yes	Two of the three field groups in a mobile schema are handed to you already built, and the only one you design is the only one you can get wrong.	Yes	62	144	Yes	No	No
Section	aep-mobile-sdk	KB	One datastream, two destinations	Section	/aep-mobile-sdk/kb/datastream-services/	How a Datastream Sends Mobile Data to Analytics and AEP	Yes	The app sends an event once and knows nothing about where it goes. Everything about routing lives on Adobe's side, which is why it is cheap to correct.	Yes	55	151	Yes	No	No
Section	aep-mobile-sdk	KB	Data arriving where you did not expect	Section	/aep-mobile-sdk/kb/wrong-dataset/	Troubleshooting Mobile Events Landing in the Wrong Dataset	Yes	Events reach Adobe, reports stay empty, and nothing anywhere reports an error. Usually the routing is right and pointed somewhere else.	Yes	58	135	Yes	No	No
Section	aep-mobile-sdk	KB	Which extensions you actually need	Section	/aep-mobile-sdk/kb/extensions/	Adobe Experience Platform Mobile SDK Extensions Explained	Yes	Four extensions cover an Edge Network implementation, one will not start without another, and the rest can wait until something needs them.	Yes	57	139	Yes	No	No
Section	aep-mobile-sdk	KB	What survives a reinstall	Section	/aep-mobile-sdk/kb/identity-on-mobile/	How the ECID Persists on a Mobile Device	Yes	The ECID lives in app storage, so it identifies an installation rather than a person, and it does not survive being deleted.	Yes	40	124	Yes	No	No
Section	aep-mobile-sdk	KB	Why the ECID is not enough	Section	/aep-mobile-sdk/kb/customer-id/	Setting a Customer ID in the Adobe Mobile SDK	Yes	One shared identifier, sent under one agreed namespace from every channel, is what turns several device histories into one customer.	Yes	45	132	Yes	No	No
Section	aep-mobile-sdk	KB	Consent on a device	Section	/aep-mobile-sdk/kb/consent-mobile/	How Mobile App Consent Differs from a Web Cookie Banner	Yes	An app has no earlier page and no returning cookie, so the setting that matters is what happens before anybody has answered.	Yes	55	124	Yes	No	No
Section	aep-mobile-sdk	KB	Where installs come from	Section	/aep-mobile-sdk/kb/install-attribution/	Install Attribution Limits in Mobile Analytics	Yes	The SDK can tell you an install happened. Telling you which campaign caused it is a different problem, owned mostly by the app stores.	Yes	46	134	Yes	No	No
Section	aep-mobile-sdk	KB	Events that arrive late	Section	/aep-mobile-sdk/kb/offline-queue/	How the Adobe Mobile SDK Queues Events Without a Connection	Yes	Phones lose signal constantly. The SDK holds events rather than losing them, which is right, and it complicates every daily number.	Yes	59	131	Yes	No	No
Section	aep-mobile-sdk	KB	Who is still on an old build	Section	/aep-mobile-sdk/kb/app-versions/	Managing the Long Tail of Old App Versions in Analytics	Yes	Every version you have ever shipped is still installed somewhere, still reporting, and still using the tracking it was built with.	Yes	55	130	Yes	No	No
Section	aep-mobile-sdk	KB	Why not just add log lines	Section	/aep-mobile-sdk/kb/assurance/	What Adobe Assurance Does for Mobile Validation	Yes	Logging shows what the app decided to say. Assurance shows what the Edge received and what it sent back, which is a better question.	Yes	47	132	Yes	No	No
Section	aep-mobile-sdk	KB	Sent, or never sent	Section	/aep-mobile-sdk/kb/nothing-arrives/	Mobile Events That Never Sent, and Ones That Were Rejected	Yes	Two completely different faults produce the same empty report, and separating them is the first thing worth doing when data goes missing.	Yes	58	137	Yes	No	No
Section	aep-mobile-sdk	KB	What a rejection looks like	Section	/aep-mobile-sdk/kb/schema-rejection/	Reading an AEP Error Response When the Edge Rejects a Payload	Yes	The Edge refuses payloads that do not match the schema, and it names the field. Reading that message is faster than any other kind of investigation.	Yes	61	148	Yes	No	No
Section	aep-mobile-sdk	KB	Fired before the SDK was ready	Section	/aep-mobile-sdk/kb/timing/	Race Conditions in Adobe Mobile SDK Initialisation	Yes	A call made while the SDK is still starting returns an empty value instead of failing, and it does so only sometimes, which is the hardest kind of fault.	Yes	50	153	Yes	No	No
Section	aep-mobile-sdk	REF	References	Section	/aep-mobile-sdk/references/	Adobe Experience Platform Mobile SDK: References	Yes	The official Adobe documentation every claim and code sample in this guide was checked against, grouped by the part of the implementation it covers.	Yes	48	148	Yes	No	No
Section	mobile-app-basics	1	How mobile apps are actually built	Section	/mobile-app-basics/how-mobile-apps-are-built/	Native, Cross-Platform and Hybrid Apps Explained	Yes	There are four ways to build a mobile app. The choice was made before you arrived, and it decides who you work with and what you can ask for.	Yes	48	141	Yes	No	No
Section	mobile-app-basics	2	React Native and Flutter	Section	/mobile-app-basics/react-native-and-flutter/	React Native and Flutter for Analytics Practitioners	Yes	What cross-platform frameworks are, why a team chose one, and the three things that change when your tracking runs inside one.	Yes	52	126	Yes	No	No
Section	mobile-app-basics	3	WebView and hybrid apps	Section	/mobile-app-basics/webview-and-hybrid/	WebView Apps and When to Use the Web SDK Instead	Yes	The one case where the answer may not be the Mobile SDK at all. How to spot a WebView screen, and why measuring one twice is worse than not measuring it.	Yes	48	153	Yes	No	No
Section	mobile-app-basics	4	iOS: Swift, Xcode, and what your developer is looking at	Section	/mobile-app-basics/ios-swift-and-xcode/	Xcode, Swift and Info.plist for Analytics Practitioners	Yes	One program does the work of five systems you already use, which is most of the reason a one-line tracking change takes two weeks to reach you.	Yes	55	143	Yes	No	No
Section	mobile-app-basics	5	Android: Kotlin, Android Studio, and the manifest	Section	/mobile-app-basics/android-kotlin-and-studio/	Android Studio, Kotlin and the Manifest for Analytics Teams	Yes	The permission list a privacy review asks for is not in the file your developer sends you. Here is why, and which file to ask for instead.	Yes	59	138	Yes	No	No
Section	mobile-app-basics	6	What a build actually is	Section	/mobile-app-basics/what-a-build-is/	What a Mobile App Build Is, for Analytics Practitioners	Yes	Source code becomes a sealed file before anybody runs it, and that one fact is behind almost everything that makes mobile measurement harder than web.	Yes	55	150	Yes	No	No
Section	mobile-app-basics	7	What “add the SDK” means	Section	/mobile-app-basics/dependency-managers/	Swift Package Manager, CocoaPods and Gradle Explained	Yes	Dependency managers explained for somebody who has never opened a developer tool, and why the version numbers matter even though you never type one.	Yes	53	148	Yes	No	No
Section	mobile-app-basics	8	Debug builds and release builds	Section	/mobile-app-basics/debug-and-release/	Debug Versus Release Builds in Adobe Mobile SDK Validation	Yes	The same code produces two different apps, and the one a developer tests on is not the one your numbers will come from.	Yes	58	119	Yes	No	No
Section	mobile-app-basics	9	Simulator, emulator and a real phone	Section	/mobile-app-basics/simulator-and-device/	Why Simulator Testing Is Not Enough for Mobile Analytics	Yes	A simulator proves the code runs. It says nothing useful about installs, networks, permissions or the identifiers your reports depend on.	Yes	56	137	Yes	No	No
Section	mobile-app-basics	10	The app lifecycle: launch, background, terminate	Section	/mobile-app-basics/the-app-lifecycle/	App Lifecycle States Explained for Analytics Practitioners	Yes	A page loads and unloads. An app does neither, and the states it moves through instead are what decide where your sessions begin and end.	Yes	58	137	Yes	No	No
Section	mobile-app-basics	11	A screen is not a page view	Section	/mobile-app-basics/screens-not-pages/	Screens Versus Page Views in Mobile Analytics	Yes	They look alike in a report and behave differently in real use, which is why app session counts and web visit counts never quite line up.	Yes	45	137	Yes	No	No
Section	mobile-app-basics	12	How a release actually reaches people	Section	/mobile-app-basics/how-a-release-reaches-people/	Why Shipping a Mobile App Is Not Like Publishing a Tag	Yes	A tag publish reaches everyone in minutes. An app release passes a review, then waits on people choosing to update, and never reaches all of them.	Yes	54	146	Yes	No	No
Section	mobile-app-basics	13	Where your job ends	Section	/mobile-app-basics/where-your-job-ends/	Analytics and Mobile Development: Who Owns What	Yes	A dividing line worth agreeing on day one, because most mobile implementations fail at the seam rather than on either side of it.	Yes	47	129	Yes	No	No
Section	mobile-app-basics	14	Reading enough code to be useful	Section	/mobile-app-basics/reading-enough-code/	How Analytics Practitioners Can Read Mobile Tracking Code	Yes	You will never write Swift or Kotlin. Reading four lines of it with confidence changes what you can settle yourself and what has to become a meeting.	Yes	57	149	Yes	No	No
Platform	infrastructure		Home tiles generated from the world registry, with step and section counts measured rather than typed	Feature	layouts/index.html	NA	NA	NA	NA	NA	NA	Yes	No	No
Platform	infrastructure		KB index generalised: group keys, labels, heading and standfirst moved to params.worlds.<world>.kbgroups	Feature	layouts/kb/list.html	NA	NA	NA	NA	NA	NA	Yes	No	No
Platform	infrastructure		References panel made world-aware: openRef fetched /web-sdk-migration/references/ by name, so every citation in a second procedure world opened the wrong document	Feature	static/world-migration.js	NA	NA	NA	NA	NA	NA	Yes	No	No
Platform	presentation		Opening hook styled on standalone KB pages: .khook had rules only under .kbtopic and .panel-body, so it rendered as body prose in both worlds	Feature	static/world-shell.css	NA	NA	NA	NA	NA	NA	Yes	No	No
Platform	presentation		Four dead mobile rules revived: .narrative, .actionblock, .call and the rebalanced action line each sat above their own base rule and lost on source order	Feature	static/world-shell.css	NA	NA	NA	NA	NA	NA	Yes	No	No
Platform	presentation		Full-detail KB section styled again: content uses .kb-full-static and the CSS only matched .kb-full, so the rule, label and headings were all dead	Feature	static/world-shell.css	NA	NA	NA	NA	NA	NA	Yes	No	No
Platform	tech-debt		Dead hasfull front matter removed from 24 KB articles; nothing in any layout or script ever read it	Feature	content/web-sdk-migration/kb/	NA	NA	NA	NA	NA	NA	Yes	No	No
Platform	navigation		Mobile SDK rail flat: 15 steps, step 6's four platform sub-steps always listed under it as 6.1 to 6.4; the phase accordion of 9 Sep removed	Feature	layouts/_default/baseof.html	NA	NA	NA	NA	NA	NA	Yes	No	No
Platform	presentation		Platform switcher on step code blocks; choice remembered across the world in localStorage	Feature	static/world-migration.js	NA	NA	NA	NA	NA	NA	Yes	No	No
Platform	presentation		Figure pass across the Mobile SDK section: 4 text-over-shape overlaps fixed, all contrast raised above 4.5:1, uppercase labels removed, captions cut from 909 to 234 words	Feature	amitdusane-site-complete/content/aep-mobile-sdk/	NA	NA	NA	NA	NA	NA	Yes	No	No
Platform	tech-debt		diagram-check.js now covers both worlds, skips two learning-world-only checks, and no longer treats an unfilled stroke as an obstacle	Feature	diagram-check.js	NA	NA	NA	NA	NA	NA	Yes	No	No
Platform	infrastructure		Basics shape: shape = basics in the registry, its own shell in baseof.html, world-basics.css and world-basics.js shared by every instance, accent set per instance by body class	Feature	layouts/_default/baseof.html	NA	NA	NA	NA	NA	NA	Yes	No	No
Platform	infrastructure		Fourth world registered: /mobile-app-basics/, the first Basics instance, terracotta accent, premise and four topic groups in the registry	Feature	hugo.toml	NA	NA	NA	NA	NA	NA	Yes	No	No
Platform	presentation		Basics topic shape enforced by the template: In one sentence, the body, Ask a developer boxed with a Copy button, Words you will hear beside the article from 1240px	Feature	layouts/topic/single.html	NA	NA	NA	NA	NA	NA	Yes	No	No
Platform	navigation		Basics front page: premise, a word picker that lights up the topics covering unknown words, topic cards in groups, all generated from topic front matter	Feature	layouts/partials/basicshome.html	NA	NA	NA	NA	NA	NA	Yes	No	No
Platform	navigation		Basics rail: topic groups under one or two word headings, a short linkTitle per topic, Glossary pinned at the top with a counted total, no Overview row	Feature	layouts/_default/baseof.html	NA	NA	NA	NA	NA	NA	Yes	No	No
Platform	presentation		Basics glossary generated A to Z from every topic's words: sticky letter strip, each term linking to the topic that explains it	Feature	layouts/wordlist/single.html	NA	NA	NA	NA	NA	NA	Yes	No	No
Platform	navigation		Home page "Start here" row for Basics sections, above the guides	Feature	layouts/index.html	NA	NA	NA	NA	NA	NA	Yes	No	No
Platform	navigation		Mobile SDK links to Mobile App Basics from step prose and Why? rows only; the rail Start here row and basicsworld key removed 11 Sep	Feature	amitdusane-site-complete/content/aep-mobile-sdk/	NA	NA	NA	NA	NA	NA	Yes	No	No
Platform	navigation		Why? links into another world navigate instead of doing nothing; a failed index fetch falls back to the link	Feature	static/world-migration.js	NA	NA	NA	NA	NA	NA	Yes	No	No
Platform	seo		The 14 old /aep-mobile-sdk/mobile-basics/ URLs, the old Part One page and /mobile-app-basics/words/ all alias to their new pages	Feature	amitdusane-site-complete/content/mobile-app-basics/	NA	NA	NA	NA	NA	NA	Yes	No	No
Platform	chrome		Ask Amit bar guard generalised from the world-migration class to every non-learning world, using the asks body class on steps, KB and Basics topics	Feature	static/askbar.js	NA	NA	NA	NA	NA	NA	Yes	No	No
Platform	chrome		Basics print: the print document is the only thing that prints, with the running header and footer; every anchor clears the fixed header	Feature	static/world-basics.css	NA	NA	NA	NA	NA	NA	Yes	No	No
Platform	navigation		Search covers Basics sections: Topic and Glossary badges, placeholder "Search topics and words"	Feature	layouts/_default/list.json	NA	NA	NA	NA	NA	NA	Yes	No	No
Platform	navigation		Procedure rail as a progress track: compact rows so every step and sub-step fits a 768px-tall screen, a line through the step chips green up to the current step, hollow chips for steps ahead	Feature	static/world-shell.css	NA	NA	NA	NA	NA	NA	Yes	No	No
Platform	navigation		Look it up: Knowledge Base and References in a sticky right-hand card from 1240px with counted totals; pinned to the rail foot below that; none on the front page	Feature	layouts/_default/baseof.html	NA	NA	NA	NA	NA	NA	Yes	No	No
Platform	tech-debt		Step counts exclude platform sub-steps: step header reads Step 06.1 of 15, guide front page reads Fifteen steps	Feature	layouts/step/single.html	NA	NA	NA	NA	NA	NA	Yes	No	No
